20.411530, 32.071677, 1.500000, 3.036224
20.411683, 32.071618, 1.500108, -0.368705
20.412707, 32.071222, 1.500830, -0.368705
20.415350, 32.070201, 1.502693, -0.368705
20.420230, 32.068316, 1.506134, -0.368705
20.427844, 32.065373, 1.511502, -0.368705
20.438576, 32.061227, 1.519068, -0.368705
20.452701, 32.055769, 1.529027, -0.368705
20.470395, 32.048933, 1.541502, -0.368705
20.491740, 32.040686, 1.556551, -0.368705
20.516734, 32.031029, 1.574173, -0.368705
20.545295, 32.019993, 1.594309, -0.368705
20.577270, 32.007639, 1.616853, -0.368705
20.612442, 31.994050, 1.641650, -0.368705
20.650536, 31.979331, 1.668507, -0.368705
20.691227, 31.963609, 1.697196, -0.368705
20.734148, 31.947025, 1.727457, -0.368705
20.778897, 31.929736, 1.759006, -0.368705
20.825041, 31.911907, 1.791539, -0.368705
20.872126, 31.893714, 1.824736, -0.368705
20.919687, 31.875338, 1.858268, -0.368705
20.967410, 31.856871, 1.891841, -0.369214
21.015613, 31.838060, 1.925334, -0.372075
21.064706, 31.818609, 1.958675, -0.377225
21.115029, 31.798275, 1.991809, -0.384012
21.166855, 31.776861, 2.024688, -0.391824
21.220395, 31.754216, 2.057277, -0.400139
21.275801, 31.730231, 2.089550, -0.408545
21.333169, 31.704836, 2.121491, -0.416737
21.392545, 31.677999, 2.153092, -0.424503
21.453927, 31.649721, 2.184354, -0.431707
21.517270, 31.620034, 2.215284, -0.438267
21.582491, 31.588999, 2.245896, -0.444142
21.649469, 31.556701, 2.276211, -0.449317
21.718053, 31.523250, 2.306254, -0.453794
21.788066, 31.488772, 2.336055, -0.457587
21.859305, 31.453414, 2.365648, -0.460711
21.931548, 31.417334, 2.395072, -0.463184
22.004559, 31.380703, 2.424366, -0.465023
22.078087, 31.343700, 2.453572, -0.466241
22.151877, 31.306510, 2.482734, -0.466848
22.225746, 31.269266, 2.511880, -0.466991
22.299826, 31.231894, 2.540977, -0.467231
22.374294, 31.194284, 2.569985, -0.467672
22.449301, 31.156346, 2.598869, -0.468274
22.524965, 31.118007, 2.627602, -0.468997
22.601379, 31.079210, 2.656161, -0.469806
22.678609, 31.039915, 2.684533, -0.470668
22.756696, 31.000096, 2.712706, -0.471555
22.835662, 30.959741, 2.740677, -0.472441
22.915506, 30.918850, 2.768446, -0.473307
22.996207, 30.877436, 2.796017, -0.474134
23.077729, 30.835521, 2.823399, -0.474908
23.160020, 30.793137, 2.850603, -0.475619
23.243013, 30.750324, 2.877646, -0.476257
23.326631, 30.707129, 2.904544, -0.476814
23.410786, 30.663608, 2.931319, -0.477286
23.495379, 30.619818, 2.957993, -0.477668
23.580309, 30.575823, 2.984589, -0.477957
23.665464, 30.531690, 3.011133, -0.478151
23.750734, 30.487487, 3.037650, -0.478248
23.836034, 30.443252, 3.064162, -0.478407
23.921395, 30.398897, 3.090662, -0.479217
24.006871, 30.354319, 3.117141, -0.480719
24.092504, 30.309434, 3.143592, -0.482783
24.178331, 30.264173, 3.170008, -0.485291
24.264378, 30.218483, 3.196384, -0.488127
24.350665, 30.172327, 3.222716, -0.491188
24.437204, 30.125680, 3.249003, -0.494379
24.524001, 30.078532, 3.275242, -0.497614
24.611055, 30.030881, 3.301436, -0.500815
24.698361, 29.982741, 3.327583, -0.503916
24.785909, 29.934131, 3.353687, -0.506857
24.873682, 29.885081, 3.379750, -0.509588
24.961662, 29.835630, 3.405775, -0.512065
25.049826, 29.785822, 3.431768, -0.514251
25.138146, 29.735708, 3.457731, -0.516116
25.226596, 29.685342, 3.483672, -0.517637
25.315145, 29.634784, 3.509594, -0.518793
25.403760, 29.584097, 3.535504, -0.519571
25.492408, 29.533345, 3.561408, -0.519963
25.581061, 29.482567, 3.587299, -0.520156
25.669709, 29.431707, 3.613119, -0.520883
25.758345, 29.380694, 3.638808, -0.522233
25.846967, 29.329469, 3.664316, 5.759089
25.935570, 29.277986, 3.689601, 5.756817
26.024153, 29.226209, 3.714634, 5.754232
26.112713, 29.174111, 3.739391, 5.751427
26.201249, 29.121675, 3.763859, 5.748484
26.289761, 29.068895, 3.788031, 5.745483
26.378248, 29.015769, 3.811906, 5.742493
26.466712, 28.962307, 3.835493, 5.739578
26.555153, 28.908522, 3.858802, 5.736797
26.643572, 28.854435, 3.881852, 5.734200
26.731972, 28.800071, 3.904665, 5.731832
26.820355, 28.745462, 3.927267, 5.729732
26.908723, 28.690643, 3.949689, 5.727932
26.997079, 28.635651, 3.971962, 5.726461
27.085425, 28.580527, 3.994122, 5.725339
27.173765, 28.525313, 4.016205, 5.724582
27.262102, 28.470055, 4.038250, 5.724201
27.350427, 28.414744, 4.060275, 5.723706
27.438687, 28.359172, 4.082222, 5.721254
27.526825, 28.303116, 4.104024, 5.716709
27.614795, 28.246390, 4.125626, 5.710450
27.702559, 28.188845, 4.146983, 5.702835
27.790090, 28.130367, 4.168061, 5.694203
27.877366, 28.070874, 4.188836, 5.684867
27.964373, 28.010313, 4.209291, 5.675117
28.051107, 27.948658, 4.229419, 5.665215
28.137566, 27.885912, 4.249221, 5.655397
28.223758, 27.822098, 4.268703, 5.645873
28.309693, 27.757262, 4.287880, 5.636827
28.395388, 27.691469, 4.306771, 5.628419
28.480864, 27.624802, 4.325400, 5.620786
28.566144, 27.557357, 4.343797, 5.614044
28.651257, 27.489245, 4.361994, 5.608288
28.736233, 27.420586, 4.380027, 5.603595
28.821104, 27.351509, 4.397936, 5.600025
28.905905, 27.282150, 4.415761, 5.597621
28.990670, 27.212650, 4.433543, 5.596412
29.075437, 27.143105, 4.451360, 5.596117
29.160250, 27.073448, 4.469416, 5.595588
29.245150, 27.003579, 4.487918, 5.594607
29.330168, 26.933421, 4.507035, 5.593257
29.415333, 26.862906, 4.526905, 5.591616
29.500664, 26.791987, 4.547631, 5.589758
29.586175, 26.720626, 4.569291, 5.587750
29.671877, 26.648801, 4.591933, 5.585654
29.757773, 26.576502, 4.615579, 5.583527
29.843864, 26.503728, 4.640229, 5.581419
29.930145, 26.430491, 4.665859, 5.579374
30.016608, 26.356810, 4.692429, 5.577432
30.103241, 26.282713, 4.719878, 5.575627
30.190030, 26.208237, 4.748131, 5.573988
30.276957, 26.133423, 4.777098, 5.572540
30.364003, 26.058319, 4.806678, 5.571303
30.451147, 25.982977, 4.836761, 5.570294
30.538365, 25.907454, 4.867228, 5.569526
30.625633, 25.831809, 4.897954, 5.569009
30.712926, 25.756101, 4.928811, 5.568749
30.800252, 25.680419, 4.959689, 5.569094
30.887738, 25.604936, 4.990566, 5.571306
30.975522, 25.529823, 5.021440, 5.575417
31.063717, 25.455223, 5.052311, 5.581101
31.152415, 25.381249, 5.083178, 5.588051
31.241686, 25.307988, 5.114040, 5.595976
31.331581, 25.235504, 5.144897, 5.604604
31.422132, 25.163837, 5.175748, 5.613678
31.513355, 25.093005, 5.206594, 5.622962
31.605249, 25.023009, 5.237435, 5.632235
31.697799, 24.953830, 5.268270, 5.641296
31.790977, 24.885432, 5.299100, 5.649964
31.884742, 24.817765, 5.329925, 5.658073
31.979045, 24.750768, 5.360746, 5.665481
32.073826, 24.684365, 5.391562, 5.672060
32.169016, 24.618473, 5.422376, 5.677704
32.264543, 24.552998, 5.453187, 5.682324
32.360326, 24.487844, 5.483995, 5.685850
32.456283, 24.422905, 5.514802, 5.688230
32.552327, 24.358074, 5.545609, 5.689429
32.648315, 24.293543, 5.576423, 5.691306
32.743908, 24.230612, 5.607287, 5.700979
32.838764, 24.170654, 5.638242, 5.719502
32.932603, 24.114805, 5.669323, 5.746338
33.025198, 24.063980, 5.700558, -0.501997
33.116375, 24.018881, 5.731968, -0.459342
33.206009, 23.980015, 5.763569, -0.409140
33.294020, 23.947705, 5.795371, -0.351844
33.380370, 23.922102, 5.827378, -0.288244
33.465060, 23.903201, 5.859591, -0.219577
33.548128, 23.890852, 5.892004, -0.147575
33.629643, 23.884775, 5.924610, -0.074417
33.709705, 23.884570, 5.957395, -0.002567
33.788437, 23.889732, 5.990345, 0.065472
33.865988, 23.899665, 6.023441, 0.127397
33.942524, 23.913695, 6.056662, 0.181300
34.018230, 23.931082, 6.089986, 0.225740
34.093301, 23.951031, 6.123389, 0.259733
34.167943, 23.972710, 6.156845, 0.282668
34.242370, 23.995261, 6.190327, 0.294208
34.316524, 24.017894, 6.223706, 0.296232
34.389331, 24.040160, 6.256468, 0.296790
34.459635, 24.061745, 6.288086, 0.297884
34.526480, 24.082388, 6.318120, 0.299529
34.589097, 24.101880, 6.346220, 0.301785
34.646893, 24.120060, 6.372115, 0.304753
34.699443, 24.136812, 6.395610, 0.308596
34.746475, 24.152062, 6.416580, 0.313548
34.787860, 24.165775, 6.434967, 0.319958
34.823604, 24.177952, 6.450772, 0.328344
34.853833, 24.188627, 6.464054, 0.339494
34.878783, 24.197866, 6.474922, 0.354640
34.898790, 24.205760, 6.483527, 0.375780
34.914278, 24.212423, 6.490066, 0.406274
34.925751, 24.217993, 6.494767, 0.451999
34.933775, 24.222625, 6.497891, 0.523481
34.938974, 24.226487, 6.499722, 0.638944
34.942016, 24.229762, 6.500566, 0.822333
34.943601, 24.232641, 6.500743, 1.067461
34.944452, 24.235320, 6.500585, 5.759593
34.945178, 24.237955, 6.500372, 5.759593
34.945888, 24.240530, 6.500165, 5.759593
34.946567, 24.242995, 6.499971, 5.759593
34.947204, 24.245306, 6.499794, 5.759593
34.947790, 24.247429, 6.499639, 5.759593
34.948318, 24.249339, 6.499507, 5.759593
34.948783, 24.251016, 6.499401, 5.759593
34.949181, 24.252449, 6.499323, 5.759593
34.949510, 24.253631, 6.499273, 5.759593
34.949772, 24.254563, 6.499251, 5.759593
34.949966, 24.255251, 6.499256, 5.759593
34.950097, 24.255704, 6.499288, 5.759593
34.950168, 24.255938, 6.499344, 5.759593
34.950185, 24.255973, 6.499423, 5.759593
34.950153, 24.255828, 6.499522, 5.759593
34.950079, 24.255532, 6.499638, 5.759593
34.949971, 24.255109, 6.499768, 5.759593
34.949837, 24.254592, 6.499908, 5.759593
34.949686, 24.254009, 6.500056, 5.759593
34.949525, 24.253394, 6.500208, 5.759593
34.949364, 24.252777, 6.500359, 5.759593
34.949209, 24.252178, 6.500502, 5.759593
34.949066, 24.251613, 6.500630, 5.759593
34.948937, 24.251094, 6.500738, 5.759593
34.948828, 24.250632, 6.500821, 5.759593
34.948739, 24.250236, 6.500876, 5.759593
34.948675, 24.249910, 6.500900, 5.759593
34.948634, 24.249658, 6.500891, 5.759593
34.948619, 24.249483, 6.500850, 5.759593
34.948629, 24.249384, 6.500775, 5.759593
34.948663, 24.249359, 6.500668, 5.759593
34.948721, 24.249405, 6.500530, 5.759593
34.948800, 24.249518, 6.500363, 5.759593
34.948900, 24.249692, 6.500169, 5.759593
34.949018, 24.249920, 6.499952, 5.759593
34.949151, 24.250194, 6.499715, 5.759593
34.949296, 24.250507, 6.499461, 5.759593
34.949451, 24.250849, 6.499194, 5.759593
34.949613, 24.251210, 6.498919, 5.759593
34.949778, 24.251581, 6.498639, 5.759593
34.949941, 24.251951, 6.498362, 5.759593
34.950097, 24.252305, 6.498104, 5.759593
34.950237, 24.252627, 6.497881, 5.759593
34.950357, 24.252908, 6.497707, 5.759593
34.950450, 24.253137, 6.497591, 5.759593
34.950514, 24.253307, 6.497543, 5.759593
34.950546, 24.253413, 6.497569, 5.759593
34.950544, 24.253451, 6.497672, 5.759593
34.950507, 24.253421, 6.497855, 5.759593
34.950436, 24.253321, 6.498116, 5.759593
34.950332, 24.253154, 6.498455, 5.759593
34.950195, 24.252923, 6.498867, 5.759593
34.950027, 24.252631, 6.499349, 5.759593
34.949833, 24.252284, 6.499894, 5.759593
34.949613, 24.251888, 6.500495, 5.759593
34.949373, 24.251450, 6.501145, 5.759593
34.949115, 24.250977, 6.501835, 5.759593
34.948844, 24.250478, 6.502554, 5.759593
34.948564, 24.249961, 6.503294, 5.759593
34.948280, 24.249435, 6.504044, 5.759593
34.947998, 24.248913, 6.504787, 5.759593
34.947733, 24.248424, 6.505477, 5.759593
34.947501, 24.247997, 6.506070, 5.759593
34.947314, 24.247655, 6.506528, 5.759593
34.947182, 24.247416, 6.506821, 5.759593
34.947113, 24.247296, 6.506926, 5.759593
34.947112, 24.247304, 6.506826, 5.759593
34.947182, 24.247448, 6.506511, 5.759593
34.947326, 24.247730, 6.505977, 5.759593
34.947543, 24.248150, 6.505222, 5.759593
34.947832, 24.248706, 6.504252, 5.759593
34.948190, 24.249391, 6.503076, 5.759593
34.948611, 24.250198, 6.501708, 5.759593
34.949092, 24.251115, 6.500163, 5.759593
34.949624, 24.252131, 6.498462, 5.759593
34.950202, 24.253231, 6.496626, 5.759593
34.950816, 24.254401, 6.494681, 5.759593
34.951458, 24.255623, 6.492651, 5.759593
34.952119, 24.256882, 6.490564, 5.759593
34.952790, 24.258158, 6.488449, 5.759593
34.953451, 24.259417, 6.486362, 5.759593
34.954051, 24.260559, 6.484462, 5.759593
34.954535, 24.261485, 6.482909, 5.759593
34.954860, 24.262112, 6.481838, 5.759593
34.954991, 24.262374, 6.481353, 5.759593
34.954899, 24.262218, 6.481539, 5.759593
34.954567, 24.261610, 6.482454, 5.759593
34.953980, 24.260524, 6.484135, 5.759593
34.953134, 24.258950, 6.486601, 5.759593
34.952028, 24.256888, 6.489851, 5.759593
34.950668, 24.254350, 6.493867, 5.759593
34.949065, 24.251355, 6.498616, 5.759593
34.947235, 24.247933, 6.504053, 5.759593
34.945197, 24.244120, 6.510117, 5.759593
34.942974, 24.239960, 6.516739, 5.759593
34.940593, 24.235502, 6.523840, 5.759593
34.938082, 24.230800, 6.531334, 5.759593
34.935471, 24.225911, 6.539128, 5.759593
34.932793, 24.220897, 6.547124, 5.759593
34.930082, 24.215818, 6.555222, 5.759593
34.927442, 24.210806, 6.563429, 4.227580
34.925240, 24.206230, 6.572163, 4.264028
34.923855, 24.202465, 6.581874, 4.359757
34.923596, 24.199820, 6.592937, 4.614957
34.924715, 24.198544, 6.605651, 5.432533
34.927405, 24.198830, 6.620248, 0.105721
34.931804, 24.200814, 6.636895, 0.423782
34.938002, 24.204586, 6.655697, 0.546723
34.946039, 24.210186, 6.676705, 0.608583
34.955914, 24.217614, 6.699917, 0.644857
34.967586, 24.226827, 6.725283, 0.668215
34.980979, 24.237751, 6.752711, 0.684198
34.995982, 24.250275, 6.782070, 0.695586
35.012457, 24.264262, 6.813194, 0.703909
35.030241, 24.279550, 6.845887, 0.710076
35.049148, 24.295955, 6.879927, 0.714646
35.068976, 24.313275, 6.915070, 0.717982
35.089507, 24.331293, 6.951056, 0.720316
35.110512, 24.349783, 6.987612, 0.721799
35.131757, 24.368511, 7.024454, 0.722519
35.153042, 24.387395, 7.061135, 0.725695
35.174333, 24.406945, 7.096628, 0.742799
35.195635, 24.427732, 7.129915, 0.773181
35.216950, 24.450229, 7.160152, 0.812356
35.238282, 24.474815, 7.186660, 0.856139
35.259634, 24.501783, 7.208918, 0.901110
35.281007, 24.531345, 7.226549, 0.944787
35.302403, 24.563633, 7.239315, 0.985581
35.323822, 24.598711, 7.247103, 1.022625
35.345264, 24.636578, 7.249916, 1.055570
35.366728, 24.677171, 7.247866, 1.084399
35.388213, 24.720372, 7.241161, 1.109282
35.409719, 24.766016, 7.230097, 1.130485
35.431243, 24.813893, 7.215050, 1.148300
35.452783, 24.863754, 7.196461, 1.163011
35.474337, 24.915320, 7.174832, 1.174874
35.495903, 24.968282, 7.150712, 1.184104
35.517478, 25.022310, 7.124690, 1.190876
35.539058, 25.077058, 7.097383, 1.195319
35.560642, 25.132169, 7.069429, 1.197519
35.582145, 25.187146, 7.041397, 1.197956
35.603190, 25.241017, 7.013536, 1.198374
35.623382, 25.292831, 6.985993, 1.199198
35.642396, 25.341804, 6.958890, 1.200453
35.659970, 25.387303, 6.932324, 1.202201
35.675902, 25.428842, 6.906371, 1.204554
35.690047, 25.466071, 6.881084, 1.207691
35.702313, 25.498766, 6.856499, 1.211894
35.712656, 25.526823, 6.832632, 1.217622
35.721077, 25.550246, 6.809481, 1.225652
35.727619, 25.569137, 6.787031, 1.237394
35.732364, 25.583692, 6.765253, 1.255666
35.735425, 25.594186, 6.744102, 1.286960
35.736948, 25.600968, 6.723526, 1.349993
35.737102, 25.604451, 6.703460, 1.526489
35.736082, 25.605101, 6.683832, 2.574339
35.734100, 25.603430, 6.664563, 3.841967
35.731383, 25.599987, 6.645569, 4.044333
35.728170, 25.595347, 6.626759, 4.106711
35.724707, 25.590104, 6.608043, -0.523593
35.721216, 25.584781, 6.589417, -0.523593
35.717803, 25.579578, 6.571215, -0.523593
35.714535, 25.574595, 6.553802, -0.523593
35.711468, 25.569918, 6.537480, -0.523593
35.708647, 25.565614, 6.522489, -0.523593
35.706105, 25.561736, 6.509017, -0.523593
35.703868, 25.558321, 6.497199, -0.523593
35.701951, 25.555394, 6.487120, -0.523593
35.700362, 25.552965, 6.478820, -0.523593
35.699101, 25.551035, 6.472297, -0.523593
35.698160, 25.549591, 6.467513, -0.523593
35.697525, 25.548614, 6.464392, -0.523593
35.697177, 25.548073, 6.462828, -0.523593
35.697091, 25.547932, 6.462689, -0.523593
35.697239, 25.548145, 6.463814, -0.523593
35.697586, 25.548662, 6.466027, -0.523593
35.698098, 25.549429, 6.469130, -0.523593
35.698735, 25.550387, 6.472912, -0.523593
35.699457, 25.551473, 6.477154, -0.523593
35.700221, 25.552624, 6.481627, -0.523593
35.700988, 25.553780, 6.486118, -0.523593
35.701736, 25.554906, 6.490496, -0.523593
35.702446, 25.555976, 6.494664, -0.523593
35.703104, 25.556967, 6.498541, -0.523593
35.703698, 25.557863, 6.502062, -0.523593
35.704221, 25.558650, 6.505177, -0.523593
35.704665, 25.559318, 6.507851, -0.523593
35.705026, 25.559862, 6.510061, -0.523593
35.705302, 25.560278, 6.511796, -0.523593
35.705494, 25.560566, 6.513057, -0.523593
35.705604, 25.560730, 6.513853, -0.523593
35.705634, 25.560774, 6.514205, -0.523593
35.705590, 25.560707, 6.514142, -0.523593
35.705478, 25.560538, 6.513698, -0.523593
35.705307, 25.560278, 6.512916, -0.523593
35.705083, 25.559940, 6.511845, -0.523593
35.704817, 25.559538, 6.510536, -0.523593
35.704519, 25.559087, 6.509045, -0.523593
35.704199, 25.558604, 6.507431, -0.523593
35.703868, 25.558104, 6.505756, -0.523593
35.703537, 25.557604, 6.504079, -0.523593
35.703218, 25.557121, 6.502449, -0.523593
35.702921, 25.556671, 6.500905, -0.523593
35.702654, 25.556266, 6.499480, -0.523593
35.702423, 25.555915, 6.498202, -0.523593
35.702234, 25.555627, 6.497090, -0.523593
35.702091, 25.555407, 6.496160, -0.523593
35.701996, 25.555258, 6.495420, -0.523593
35.701949, 25.555182, 6.494875, -0.523593
35.701952, 25.555179, 6.494526, -0.523593
35.702003, 25.555247, 6.494367, -0.523593
35.702099, 25.555384, 6.494391, -0.523593
35.702239, 25.555584, 6.494586, -0.523593
35.702417, 25.555843, 6.494936, -0.523593
35.702631, 25.556154, 6.495426, -0.523593
35.702874, 25.556510, 6.496035, -0.523593
35.703142, 25.556902, 6.496741, -0.523593
35.703429, 25.557322, 6.497522, -0.523593
35.703728, 25.557761, 6.498354, -0.523593
35.704033, 25.558209, 6.499210, -0.523593
35.704337, 25.558655, 6.500065, -0.523593
35.704624, 25.559076, 6.500886, -0.523593
35.704878, 25.559451, 6.501643, -0.523593
35.705088, 25.559763, 6.502312, -0.523593
35.705244, 25.559997, 6.502874, -0.523593
35.705338, 25.560142, 6.503313, -0.523593
35.705364, 25.560192, 6.503619, -0.523593
35.705320, 25.560140, 6.503784, -0.523593
35.705204, 25.559985, 6.503806, -0.523593
35.705015, 25.559726, 6.503684, -0.523593
35.704755, 25.559367, 6.503422, -0.523593
35.704428, 25.558910, 6.503026, -0.523593
35.704037, 25.558363, 6.502505, -0.523593
35.703589, 25.557733, 6.501868, -0.523593
35.703089, 25.557029, 6.501129, -0.523593
35.702544, 25.556262, 6.500303, -0.523593
35.701964, 25.555444, 6.499405, -0.523593
35.701356, 25.554585, 6.498451, -0.523593
35.700729, 25.553700, 6.497461, -0.523593
35.700092, 25.552802, 6.496453, -0.523593
35.699464, 25.551915, 6.495453, -0.523593
35.698892, 25.551107, 6.494525, -0.523593
35.698423, 25.550445, 6.493731, -0.523593
35.698098, 25.549986, 6.493119, -0.523593
35.697947, 25.549774, 6.492733, -0.523593
35.697995, 25.549844, 6.492602, -0.523593
35.698261, 25.550221, 6.492750, -0.523593
35.698755, 25.550920, 6.493191, -0.523593
35.699483, 25.551950, 6.493932, -0.523593
35.700444, 25.553310, 6.494973, -0.523593
35.701633, 25.554992, 6.496307, -0.523593
35.703041, 25.556983, 6.497920, -0.523593
35.704653, 25.559264, 6.499797, -0.523593
35.706452, 25.561808, 6.501913, -0.523593
35.708417, 25.564587, 6.504243, -0.523593
35.710525, 25.567569, 6.506756, -0.523593
35.712750, 25.570715, 6.509418, -0.523593
35.715064, 25.573987, 6.512196, -0.523593
35.717438, 25.577345, 6.515051, -0.523593
35.719843, 25.580746, 6.517944, -0.523593
35.722228, 25.584064, 6.521053, 0.947542
35.724473, 25.586870, 6.525350, 0.896171
35.726457, 25.588726, 6.531853, 0.752191
35.728080, 25.589269, 6.541406, 0.322662
35.729262, 25.588206, 6.554688, 5.551071
35.729942, 25.585313, 6.572220, 4.943263
35.730075, 25.580428, 6.594379, 4.739641
35.729633, 25.573448, 6.621403, 4.649149
35.728603, 25.564323, 6.653405, 4.599918
35.726984, 25.553057, 6.690382, 4.569697
35.724791, 25.539696, 6.732223, 4.549662
35.722047, 25.524331, 6.778718, 4.535679
35.718788, 25.507090, 6.829571, 4.525576
35.715058, 25.488132, 6.884408, 4.518116
35.710909, 25.467650, 6.942787, 4.512548
35.706401, 25.445858, 7.004206, 4.508397
35.701599, 25.422994, 7.068116, 4.505356
35.696571, 25.399310, 7.133929, 4.503221
35.691392, 25.375073, 7.201026, 4.501862
35.686137, 25.350558, 7.268770, 4.501201
35.680944, 25.326092, 7.336580, 4.503255
35.676183, 25.302170, 7.404155, 4.515954
35.672226, 25.279260, 7.471292, 4.541335
35.669378, 25.257749, 7.537822, 4.580777
35.667887, 25.237948, 7.603613, 4.637234
35.667943, 25.220095, 7.668559, 4.715500
35.669682, 25.204364, 7.732586, 4.822477
35.673191, 25.190864, 7.795646, 4.966706
35.678512, 25.179646, 7.857718, 5.155300
35.685643, 25.170710, 7.918802, 5.385887
35.694543, 25.164003, 7.978920, 5.637457
35.705138, 25.159431, 8.038114, -0.407420
35.717318, 25.156858, 8.096442, -0.208239
35.730947, 25.156111, 8.153978, -0.054742
35.745865, 25.156988, 8.210811, 0.058723
35.761890, 25.159259, 8.267041, 0.140798
35.778821, 25.162673, 8.322775, 0.198942
35.796444, 25.166958, 8.378132, 0.238555
35.814535, 25.171833, 8.433233, 0.263207
35.832861, 25.177004, 8.488206, 0.275036
35.851190, 25.182222, 8.542981, 0.277314
35.869311, 25.187418, 8.596751, 0.279262
35.887046, 25.192575, 8.648652, 0.282996
35.904247, 25.197679, 8.697971, 0.288419
35.920795, 25.202716, 8.744133, 0.295495
35.936600, 25.207679, 8.786697, 0.304233
35.951596, 25.212559, 8.825344, 0.314666
35.965740, 25.217354, 8.859872, 0.326838
35.979013, 25.222061, 8.890185, 0.340784
35.991415, 25.226680, 8.916286, 0.356509
36.002966, 25.231213, 8.938270, 0.373955
36.013703, 25.235664, 8.956313, 0.392969
36.023678, 25.240037, 8.970666, 0.413254
36.032955, 25.244341, 8.981647, 0.434329
36.041612, 25.248582, 8.989629, 0.455493
36.049737, 25.252769, 8.995037, 0.475822
36.057427, 25.256912, 8.998336, 0.494203
36.064783, 25.261021, 9.000024, 0.509430
36.071915, 25.265108, 9.000625, 0.520355
36.078934, 25.269183, 9.000679, 5.759593
36.085906, 25.273241, 9.000641, 5.759593
36.092722, 25.277206, 9.000604, 5.759593
36.099246, 25.281002, 9.000571, 5.759593
36.105368, 25.284561, 9.000541, 5.759593
36.110998, 25.287834, 9.000517, 5.759593
36.116067, 25.290778, 9.000499, 5.759593
36.120526, 25.293364, 9.000487, 5.759593
36.124343, 25.295576, 9.000482, 5.759593
36.127503, 25.297403, 9.000484, 5.759593
36.130006, 25.298846, 9.000492, 5.759593
36.131868, 25.299913, 9.000508, 5.759593
36.133116, 25.300621, 9.000529, 5.759593
36.133789, 25.300993, 9.000557, 5.759593
36.133937, 25.301058, 9.000590, 5.759593
36.133617, 25.300848, 9.000628, 5.759593
36.132896, 25.300405, 9.000670, 5.759593
36.131846, 25.299769, 9.000716, 5.759593
36.130545, 25.298986, 9.000764, 5.759593
36.129075, 25.298104, 9.000814, 5.759593
36.127519, 25.297172, 9.000865, 5.759593
36.125957, 25.296236, 9.000915, 5.759593
36.124436, 25.295325, 9.000960, 5.759593
36.122991, 25.294461, 9.000997, 5.759593
36.121652, 25.293661, 9.001022, 5.759593
36.120443, 25.292939, 9.001032, 5.759593
36.119381, 25.292308, 9.001025, 5.759593
36.118479, 25.291774, 9.000999, 5.759593
36.117747, 25.291342, 9.000955, 5.759593
36.117187, 25.291016, 9.000891, 5.759593
36.116801, 25.290795, 9.000807, 5.759593
36.116583, 25.290676, 9.000704, 5.759593
36.116526, 25.290655, 9.000583, 5.759593
36.116621, 25.290727, 9.000444, 5.759593
36.116854, 25.290882, 9.000290, 5.759593
36.117210, 25.291112, 9.000121, 5.759593
36.117672, 25.291406, 8.999941, 5.759593
36.118220, 25.291753, 8.999750, 5.759593
36.118835, 25.292140, 8.999553, 5.759593
36.119493, 25.292554, 8.999350, 5.759593
36.120175, 25.292982, 8.999144, 5.759593
36.120855, 25.293409, 8.998941, 5.759593
36.121512, 25.293819, 8.998752, 5.759593
36.122123, 25.294196, 8.998590, 5.759593
36.122672, 25.294528, 8.998466, 5.759593
36.123146, 25.294805, 8.998388, 5.759593
36.123532, 25.295019, 8.998362, 5.759593
36.123824, 25.295165, 8.998392, 5.759593
36.124016, 25.295240, 8.998482, 5.759593
36.124107, 25.295241, 8.998634, 5.759593
36.124097, 25.295169, 8.998847, 5.759593
36.123987, 25.295025, 8.999119, 5.759593
36.123782, 25.294813, 8.999448, 5.759593
36.123488, 25.294536, 8.999832, 5.759593
36.123113, 25.294201, 9.000263, 5.759593
36.122665, 25.293814, 9.000739, 5.759593
36.122155, 25.293382, 9.001252, 5.759593
36.121595, 25.292913, 9.001795, 5.759593
36.120996, 25.292416, 9.002362, 5.759593
36.120370, 25.291900, 9.002944, 5.759593
36.119732, 25.291375, 9.003535, 5.759593
36.119097, 25.290853, 9.004120, 5.759593
36.118498, 25.290365, 9.004664, 5.759593
36.117967, 25.289937, 9.005134, 5.759593
36.117528, 25.289593, 9.005501, 5.759593
36.117202, 25.289351, 9.005741, 5.759593
36.117004, 25.289226, 9.005838, 5.759593
36.116948, 25.289228, 9.005778, 5.759593
36.117038, 25.289364, 9.005554, 5.759593
36.117280, 25.289637, 9.005161, 5.759593
36.117673, 25.290046, 9.004600, 5.759593
36.118213, 25.290590, 9.003874, 5.759593
36.118894, 25.291261, 9.002991, 5.759593
36.119708, 25.292051, 9.001961, 5.759593
36.120642, 25.292952, 9.000795, 5.759593
36.121684, 25.293949, 8.999510, 5.759593
36.122818, 25.295030, 8.998122, 5.759593
36.124028, 25.296180, 8.996649, 5.759593
36.125295, 25.297382, 8.995113, 5.759593
36.126601, 25.298619, 8.993532, 5.759593
36.127927, 25.299874, 8.991930, 5.759593
36.129235, 25.301113, 8.990349, 5.759593
36.130423, 25.302239, 8.988910, 5.759593
36.131386, 25.303157, 8.987734, 5.759593
36.132040, 25.303788, 8.986923, 5.759593
36.132315, 25.304067, 8.986556, 5.759593
36.132158, 25.303946, 8.986697, 5.759593
36.131532, 25.303388, 8.987389, 5.759593
36.130412, 25.302372, 8.988663, 5.759593
36.128786, 25.300886, 8.990530, 5.759593
36.126655, 25.298932, 8.992992, 5.759593
36.124030, 25.296519, 8.996034, 5.759593
36.120933, 25.293667, 8.999631, 5.759593
36.117393, 25.290404, 9.003749, 5.759593
36.113448, 25.286766, 9.008342, 5.759593
36.109144, 25.282794, 9.013358, 5.759593
36.104532, 25.278535, 9.018736, 5.759593
36.099666, 25.274041, 9.024412, 5.759593
36.094607, 25.269368, 9.030315, 5.759593
36.089418, 25.264574, 9.036371, 5.759593
36.084163, 25.259719, 9.042505, 5.759593
36.078866, 25.254987, 9.048742, 3.870788
36.073394, 25.251010, 9.055496, 3.769911
36.067594, 25.248440, 9.063211, 3.558858
36.061343, 25.247811, 9.072254, 3.241784
36.054540, 25.249557, 9.082920, 2.890400
36.047108, 25.254009, 9.095437, 2.601873
36.038990, 25.261408, 9.109967, 2.402503
36.030152, 25.271905, 9.126616, 2.270598
36.020578, 25.285572, 9.145432, 2.181910
36.010266, 25.302407, 9.166413, 2.120359
35.999234, 25.322339, 9.189512, 2.076294
35.987514, 25.345235, 9.214637, 2.043929
35.975148, 25.370906, 9.241660, 2.019702
35.962192, 25.399115, 9.270417, 2.001353
35.948711, 25.429578, 9.300716, 1.987400
35.934781, 25.461978, 9.332338, 1.976857
35.920481, 25.495965, 9.365045, 1.969054
35.905900, 25.531162, 9.398580, 1.963538
35.891129, 25.567178, 9.432674, 1.960009
35.876262, 25.603605, 9.467050, 1.958288
35.861609, 25.640105, 9.501264, 1.952566
35.848263, 25.676624, 9.534291, 1.921150
35.837349, 25.713179, 9.565111, 1.860949
35.829794, 25.749784, 9.592881, 1.774330
35.826346, 25.786449, 9.616922, 1.664573
35.827578, 25.823183, 9.636713, 1.537245
35.833907, 25.859992, 9.651878, 1.400538
35.845594, 25.896881, 9.662177, 1.263966
35.862766, 25.933850, 9.667498, 1.135975
35.885416, 25.970901, 9.667844, 1.022082
35.913423, 26.008030, 9.663327, 0.924547
35.946556, 26.045235, 9.654155, 0.843218
35.984490, 26.082511, 9.640625, 0.776649
36.026812, 26.119852, 9.623111, 0.722949
36.073035, 26.157250, 9.602056, 0.680258
36.122607, 26.194698, 9.577959, 0.646963
36.174922, 26.232186, 9.551372, 0.621768
36.229332, 26.269705, 9.522883, 0.603682
36.285157, 26.307245, 9.493110, 0.591999
36.341695, 26.344795, 9.462689, 0.586268
36.398173, 26.382210, 9.432223, 0.585102
36.453625, 26.418846, 9.402120, 0.583833
36.507174, 26.454032, 9.372689, 0.581340
36.558092, 26.487215, 9.344188, 0.577572
36.605793, 26.517950, 9.316823, 0.572371
36.649828, 26.545894, 9.290754, 0.565462
36.689873, 26.570800, 9.266095, 0.556413
36.725720, 26.592511, 9.242919, 0.544568
36.757272, 26.610953, 9.221260, 0.528930
36.784534, 26.626128, 9.201117, 0.507941
36.807600, 26.638110, 9.182457, 0.479087
36.826651, 26.647035, 9.165216, 0.438126
36.841942, 26.653099, 9.149302, 0.377501
36.853797, 26.656546, 9.134604, 0.282982
36.862596, 26.657667, 9.120984, 0.126773
36.868773, 26.656792, 9.108291, -0.140736
36.872801, 26.654281, 9.096358, 5.725783
36.875188, 26.650522, 9.085004, 5.278036
36.876467, 26.645918, 9.074042, 4.983388
36.877187, 26.640890, 9.063277, -0.523593
36.877812, 26.635811, 9.052587, -0.523593
36.878423, 26.630844, 9.042140, -0.523593
36.879008, 26.626089, 9.032142, -0.523593
36.879556, 26.621623, 9.022765, -0.523593
36.880059, 26.617514, 9.014147, -0.523593
36.880512, 26.613809, 9.006396, -0.523593
36.880910, 26.610545, 8.999587, -0.523593
36.881249, 26.607745, 8.993769, -0.523593
36.881529, 26.605419, 8.988965, -0.523593
36.881750, 26.603568, 8.985174, -0.523593
36.881913, 26.602180, 8.982374, -0.523593
36.882020, 26.601235, 8.980522, -0.523593
36.882075, 26.600707, 8.979558, -0.523593
36.882083, 26.600557, 8.979405, -0.523593
36.882048, 26.600746, 8.979974, -0.523593
36.881977, 26.601224, 8.981162, -0.523593
36.881877, 26.601939, 8.982858, -0.523593
36.881753, 26.602836, 8.984941, -0.523593
36.881615, 26.603855, 8.987285, -0.523593
36.881468, 26.604936, 8.989762, -0.523593
36.881321, 26.606022, 8.992249, -0.523593
36.881179, 26.607080, 8.994674, -0.523593
36.881044, 26.608085, 8.996984, -0.523593
36.880921, 26.609017, 8.999134, -0.523593
36.880812, 26.609859, 9.001088, -0.523593
36.880718, 26.610600, 9.002820, -0.523593
36.880642, 26.611231, 9.004310, -0.523593
36.880583, 26.611744, 9.005544, -0.523593
36.880543, 26.612139, 9.006517, -0.523593
36.880521, 26.612414, 9.007230, -0.523593
36.880518, 26.612573, 9.007688, -0.523593
36.880531, 26.612621, 9.007903, -0.523593
36.880561, 26.612564, 9.007888, -0.523593
36.880605, 26.612412, 9.007665, -0.523593
36.880662, 26.612175, 9.007257, -0.523593
36.880731, 26.611866, 9.006689, -0.523593
36.880809, 26.611496, 9.005990, -0.523593
36.880894, 26.611082, 9.005192, -0.523593
36.880983, 26.610636, 9.004327, -0.523593
36.881075, 26.610175, 9.003427, -0.523593
36.881167, 26.609714, 9.002526, -0.523593
36.881255, 26.609269, 9.001648, -0.523593
36.881337, 26.608854, 9.000812, -0.523593
36.881409, 26.608479, 9.000033, -0.523593
36.881469, 26.608154, 8.999326, -0.523593
36.881517, 26.607886, 8.998699, -0.523593
36.881550, 26.607680, 8.998161, -0.523593
36.881569, 26.607539, 8.997715, -0.523593
36.881572, 26.607464, 8.997363, -0.523593
36.881560, 26.607456, 8.997107, -0.523593
36.881534, 26.607513, 8.996943, -0.523593
36.881493, 26.607632, 8.996867, -0.523593
36.881438, 26.607810, 8.996875, -0.523593
36.881371, 26.608040, 8.996958, -0.523593
36.881294, 26.608318, 8.997109, -0.523593
36.881207, 26.608637, 8.997317, -0.523593
36.881113, 26.608989, 8.997573, -0.523593
36.881013, 26.609366, 8.997865, -0.523593
36.880908, 26.609761, 8.998182, -0.523593
36.880802, 26.610164, 8.998510, -0.523593
36.880697, 26.610565, 8.998840, -0.523593
36.880598, 26.610943, 8.999162, -0.523593
36.880509, 26.611279, 8.999469, -0.523593
36.880436, 26.611557, 8.999756, -0.523593
36.880382, 26.611764, 9.000019, -0.523593
36.880350, 26.611891, 9.000253, -0.523593
36.880340, 26.611929, 9.000458, -0.523593
36.880355, 26.611875, 9.000630, -0.523593
36.880396, 26.611726, 9.000770, -0.523593
36.880461, 26.611483, 9.000877, -0.523593
36.880551, 26.611147, 9.000952, -0.523593
36.880664, 26.610722, 9.000996, -0.523593
36.880800, 26.610215, 9.001012, -0.523593
36.880955, 26.609631, 9.001002, -0.523593
36.881129, 26.608981, 9.000968, -0.523593
36.881317, 26.608273, 9.000915, -0.523593
36.881518, 26.607517, 9.000845, -0.523593
36.881729, 26.606725, 9.000762, -0.523593
36.881946, 26.605909, 9.000671, -0.523593
36.882167, 26.605080, 9.000576, -0.523593
36.882384, 26.604262, 9.000481, -0.523593
36.882580, 26.603520, 9.000388, -0.523593
36.882735, 26.602918, 9.000300, -0.523593
36.882834, 26.602510, 9.000219, -0.523593
36.882864, 26.602339, 9.000145, -0.523593
36.882817, 26.602437, 9.000081, -0.523593
36.882684, 26.602830, 9.000027, -0.523593
36.882462, 26.603531, 8.999983, -0.523593
36.882149, 26.604549, 8.999950, -0.523593
36.881745, 26.605882, 8.999928, -0.523593
36.881251, 26.607524, 8.999916, -0.523593
36.880672, 26.609462, 8.999914, -0.523593
36.880012, 26.611677, 8.999922, -0.523593
36.879280, 26.614145, 8.999939, -0.523593
36.878482, 26.616837, 8.999963, -0.523593
36.877629, 26.619723, 8.999993, -0.523593
36.876730, 26.622767, 9.000029, -0.523593
36.875796, 26.625932, 9.000069, -0.523593
36.874839, 26.629178, 9.000112, -0.523593
36.873869, 26.632465, 9.000156, -0.523593
36.872855, 26.635826, 9.000024, 1.864026
36.871594, 26.639562, 8.998885, 1.896246
36.869876, 26.643997, 8.995875, 1.940429
36.867525, 26.649398, 8.990280, 1.981316
36.864402, 26.655978, 8.981523, 2.013941
36.860397, 26.663905, 8.969164, 2.038607
36.855434, 26.673296, 8.952883, 2.057019
36.849461, 26.684227, 8.932477, 2.070824
36.842457, 26.696735, 8.907851, 2.081290
36.834422, 26.710817, 8.879007, 2.089325
36.825378, 26.726439, 8.846041, 2.095563
36.815369, 26.743534, 8.809129, 2.100449
36.804457, 26.762009, 8.768523, 2.104298
36.792719, 26.781746, 8.724539, 2.107333
36.780247, 26.802604, 8.677553, 2.109716
36.767145, 26.824424, 8.627989, 2.111561
36.753526, 26.847032, 8.576314, 2.112953
36.739513, 26.870243, 8.523026, 2.113951
36.725234, 26.893861, 8.468649, 2.114595
36.710820, 26.917684, 8.413724, 2.114911
36.696405, 26.941405, 8.358666, 2.116867
36.682105, 26.964352, 8.303376, 2.128055
36.668021, 26.985863, 8.247653, 2.150494
36.654235, 27.005389, 8.191332, 2.185586
36.640812, 27.022487, 8.134281, 2.236330
36.627805, 27.036819, 8.076397, 2.307804
36.615249, 27.048138, 8.017607, 2.407918
36.603168, 27.056291, 7.957864, 2.547975
36.591574, 27.061202, 7.897145, 2.740934
36.580465, 27.062875, 7.835451, 2.992135
36.569830, 27.061382, 7.772804, 3.281090
36.559650, 27.056858, 7.709246, 3.559725
36.549896, 27.049498, 7.644833, 3.788019
36.540530, 27.039544, 7.579640, 3.957446
36.531510, 27.027284, 7.513753, 4.078082
36.522788, 27.013045, 7.447271, 4.162749
36.514308, 26.997184, 7.380300, 4.221411
36.506014, 26.980086, 7.312956, 4.260762
36.497845, 26.962150, 7.245361, 4.285006
36.489740, 26.943794, 7.177639, 4.296573
36.481677, 26.925441, 7.110105, 4.298475
36.473802, 26.907511, 7.043758, 4.298530
36.466272, 26.890364, 6.979618, 4.298637
36.459222, 26.874300, 6.918528, 4.298803
36.452757, 26.859561, 6.861167, 4.299040
36.446960, 26.846331, 6.808055, 4.299367
36.441889, 26.834745, 6.759570, 4.299820
36.437581, 26.824887, 6.715951, 4.300460
36.434056, 26.816798, 6.677310, 4.301398
36.431311, 26.810475, 6.643644, 4.302862
36.429330, 26.805880, 6.614841, 4.305385
36.428080, 26.802938, 6.590693, 4.310592
36.427515, 26.801544, 6.570903, 4.326812
36.427574, 26.801565, 6.555096, 0.341855
36.428190, 26.802844, 6.542832, 1.122124
36.429284, 26.805204, 6.533608, 1.136863
36.430768, 26.808448, 6.526875, 1.141668
36.432551, 26.812367, 6.522044, 1.143884
36.434536, 26.816743, 6.518497, 1.144994
36.436622, 26.821349, 6.515598, 5.759593
36.438717, 26.825975, 6.512818, 5.759593
36.440764, 26.830496, 6.510103, 5.759593
36.442724, 26.834823, 6.507508, 5.759593
36.444561, 26.838882, 6.505079, 5.759593
36.446250, 26.842612, 6.502853, 5.759593
36.447770, 26.845969, 6.500858, 5.759593
36.449104, 26.848918, 6.499116, 5.759593
36.450244, 26.851440, 6.497638, 5.759593
36.451186, 26.853523, 6.496432, 5.759593
36.451929, 26.855168, 6.495496, 5.759593
36.452478, 26.856385, 6.494825, 5.759593
36.452841, 26.857193, 6.494407, 5.759593
36.453030, 26.857617, 6.494227, 5.759593
36.453060, 26.857691, 6.494264, 5.759593
36.452949, 26.857452, 6.494493, 5.759593
36.452716, 26.856947, 6.494888, 5.759593
36.452384, 26.856222, 6.495419, 5.759593
36.451976, 26.855329, 6.496053, 5.759593
36.451516, 26.854324, 6.496758, 5.759593
36.451031, 26.853262, 6.497497, 5.759593
36.450544, 26.852195, 6.498238, 5.759593
36.450071, 26.851158, 6.498957, 5.759593
36.449623, 26.850175, 6.499633, 5.759593
36.449210, 26.849268, 6.500251, 5.759593
36.448840, 26.848453, 6.500797, 5.759593
36.448520, 26.847744, 6.501262, 5.759593
36.448252, 26.847149, 6.501638, 5.759593
36.448041, 26.846674, 6.501921, 5.759593
36.447887, 26.846323, 6.502108, 5.759593
36.447790, 26.846095, 6.502200, 5.759593
36.447750, 26.845987, 6.502199, 5.759593
36.447763, 26.845995, 6.502108, 5.759593
36.447827, 26.846110, 6.501934, 5.759593
36.447936, 26.846324, 6.501684, 5.759593
36.448086, 26.846626, 6.501365, 5.759593
36.448272, 26.847003, 6.500989, 5.759593
36.448486, 26.847442, 6.500564, 5.759593
36.448722, 26.847928, 6.500103, 5.759593
36.448972, 26.848445, 6.499618, 5.759593
36.449231, 26.848979, 6.499120, 5.759593
36.449488, 26.849512, 6.498624, 5.759593
36.449735, 26.850024, 6.498153, 5.759593
36.449963, 26.850497, 6.497729, 5.759593
36.450163, 26.850916, 6.497368, 5.759593
36.450330, 26.851269, 6.497086, 5.759593
36.450459, 26.851548, 6.496893, 5.759593
36.450547, 26.851745, 6.496797, 5.759593
36.450591, 26.851857, 6.496803, 5.759593
36.450591, 26.851881, 6.496914, 5.759593
36.450546, 26.851817, 6.497128, 5.759593
36.450459, 26.851668, 6.497445, 5.759593
36.450329, 26.851436, 6.497860, 5.759593
36.450161, 26.851128, 6.498366, 5.759593
36.449957, 26.850750, 6.498956, 5.759593
36.449722, 26.850309, 6.499620, 5.759593
36.449460, 26.849815, 6.500347, 5.759593
36.449175, 26.849277, 6.501127, 5.759593
36.448874, 26.848706, 6.501947, 5.759593
36.448561, 26.848112, 6.502794, 5.759593
36.448242, 26.847506, 6.503655, 5.759593
36.447925, 26.846905, 6.504508, 5.759593
36.447628, 26.846339, 6.505305, 5.759593
36.447365, 26.845839, 6.505999, 5.759593
36.447151, 26.845429, 6.506550, 5.759593
36.446997, 26.845131, 6.506927, 5.759593
36.446910, 26.844959, 6.507104, 5.759593
36.446897, 26.844925, 6.507065, 5.759593
36.446961, 26.845035, 6.506798, 5.759593
36.447104, 26.845294, 6.506298, 5.759593
36.447327, 26.845700, 6.505565, 5.759593
36.447627, 26.846252, 6.504604, 5.759593
36.448001, 26.846942, 6.503425, 5.759593
36.448444, 26.847761, 6.502043, 5.759593
36.448951, 26.848700, 6.500473, 5.759593
36.449514, 26.849743, 6.498738, 5.759593
36.450125, 26.850877, 6.496860, 5.759593
36.450776, 26.852085, 6.494866, 5.759593
36.451458, 26.853350, 6.492783, 5.759593
36.452160, 26.854653, 6.490639, 5.759593
36.452872, 26.855976, 6.488466, 5.759593
36.453575, 26.857280, 6.486320, 5.759593
36.454214, 26.858467, 6.484365, 5.759593
36.454736, 26.859435, 6.482764, 5.759593
36.455096, 26.860101, 6.481652, 5.759593
36.455257, 26.860396, 6.481137, 5.759593
36.455191, 26.860270, 6.481304, 5.759593
36.454880, 26.859685, 6.482213, 5.759593
36.454309, 26.858617, 6.483902, 5.759593
36.453473, 26.857056, 6.486389, 5.759593
36.452372, 26.855000, 6.489674, 5.759593
36.451012, 26.852463, 6.493738, 5.759593
36.449404, 26.849463, 6.498549, 5.759593
36.447564, 26.846031, 6.504058, 5.759593
36.445511, 26.842204, 6.510206, 5.759593
36.443271, 26.838025, 6.516922, 5.759593
36.440868, 26.833545, 6.524125, 5.759593
36.438333, 26.828818, 6.531728, 5.759593
36.435696, 26.823902, 6.539636, 5.759593
36.432991, 26.818858, 6.547749, 5.759593
36.430251, 26.813751, 6.555967, 5.759593
36.427585, 26.808709, 6.564293, 4.225911
36.425370, 26.804108, 6.573143, 4.263760
36.423993, 26.800323, 6.582964, 4.363459
36.423774, 26.797666, 6.594129, 4.630228
36.424971, 26.796389, 6.606935, 5.465546
36.427782, 26.796685, 6.621614, 0.104883
36.432350, 26.798693, 6.638329, 0.414123
36.438766, 26.802501, 6.657187, 0.535694
36.447072, 26.808152, 6.678238, 0.597363
36.457267, 26.815643, 6.701479, 0.633685
36.469309, 26.824934, 6.726862, 0.657137
36.483119, 26.835947, 6.754295, 0.673213
36.498584, 26.848573, 6.783647, 0.684680
36.515562, 26.862673, 6.814753, 0.693070
36.533884, 26.878084, 6.847419, 0.699289
36.553362, 26.894620, 6.881424, 0.703901
36.573785, 26.912077, 6.916526, 0.707267
36.594930, 26.930239, 6.952466, 0.709624
36.616564, 26.948875, 6.988971, 0.711121
36.638443, 26.967751, 7.025761, 0.711849
36.660360, 26.986784, 7.062391, 0.715074
36.682261, 27.006481, 7.097832, 0.732467
36.704130, 27.027411, 7.131067, 0.763456
36.725958, 27.050047, 7.161251, 0.803584
36.747733, 27.074768, 7.187708, 0.848657
36.769448, 27.101864, 7.209914, 0.895189
36.791100, 27.131547, 7.227494, 0.940601
36.812683, 27.163950, 7.240208, 0.983200
36.834196, 27.199137, 7.247943, 1.022026
36.855640, 27.237105, 7.250704, 1.056663
36.877017, 27.277792, 7.248602, 1.087048
36.898328, 27.321081, 7.241845, 1.113328
36.919578, 27.366806, 7.230730, 1.135757
36.940773, 27.414760, 7.215631, 1.154625
36.961918, 27.464693, 7.196990, 1.170221
36.983021, 27.516326, 7.175309, 1.182807
37.004089, 27.569351, 7.151137, 1.192605
37.025130, 27.623440, 7.125062, 1.199797
37.046154, 27.678247, 7.097704, 1.204517
37.067168, 27.733416, 7.069698, 1.206855
37.088102, 27.788451, 7.041614, 1.207316
37.108587, 27.842373, 7.013704, 1.207744
37.128236, 27.894229, 6.986115, 1.208589
37.146732, 27.943229, 6.958972, 1.209875
37.163816, 27.988739, 6.932372, 1.211669
37.179293, 28.030270, 6.906392, 1.214084
37.193019, 28.067469, 6.881087, 1.217308
37.204904, 28.100113, 6.856492, 1.221634
37.214905, 28.128096, 6.832623, 1.227539
37.223024, 28.151421, 6.809480, 1.235840
37.229303, 28.170193, 6.787046, 1.248022
37.233820, 28.184607, 6.765291, 1.267086
37.236689, 28.194941, 6.744172, 1.300036
37.238050, 28.201545, 6.723634, 1.367554
37.238071, 28.204833, 6.703613, 1.564426
37.236941, 28.205275, 6.684035, 2.768986
37.234869, 28.203384, 6.664821, 3.881231
37.232077, 28.199713, 6.645884, 4.062272
37.228799, 28.194838, 6.627134, 4.120360
37.225277, 28.189358, 6.608479, -0.523593
37.221727, 28.183799, 6.589913, -0.523593
37.218256, 28.178364, 6.571770, -0.523593
37.214933, 28.173159, 6.554410, -0.523593
37.211812, 28.168273, 6.538133, -0.523593
37.208940, 28.163777, 6.523180, -0.523593
37.206351, 28.159725, 6.509736, -0.523593
37.204070, 28.156157, 6.497936, -0.523593
37.202114, 28.153097, 6.487863, -0.523593
37.200489, 28.150557, 6.479558, -0.523593
37.199195, 28.148538, 6.473019, -0.523593
37.198225, 28.147026, 6.468208, -0.523593
37.197565, 28.146002, 6.465049, -0.523593
37.197196, 28.145432, 6.463438, -0.523593
37.197092, 28.145279, 6.463242, -0.523593
37.197223, 28.145497, 6.464303, -0.523593
37.197558, 28.146032, 6.466444, -0.523593
37.198058, 28.146827, 6.469470, -0.523593
37.198685, 28.147821, 6.473171, -0.523593
37.199398, 28.148950, 6.477328, -0.523593
37.200153, 28.150146, 6.481715, -0.523593
37.200913, 28.151348, 6.486122, -0.523593
37.201653, 28.152519, 6.490418, -0.523593
37.202357, 28.153633, 6.494509, -0.523593
37.203012, 28.154669, 6.498319, -0.523593
37.203607, 28.155608, 6.501783, -0.523593
37.204133, 28.156438, 6.504853, -0.523593
37.204584, 28.157148, 6.507495, -0.523593
37.204956, 28.157732, 6.509686, -0.523593
37.205247, 28.158188, 6.511416, -0.523593
37.205458, 28.158516, 6.512685, -0.523593
37.205590, 28.158718, 6.513504, -0.523593
37.205647, 28.158799, 6.513891, -0.523593
37.205633, 28.158768, 6.513876, -0.523593
37.205554, 28.158635, 6.513491, -0.523593
37.205418, 28.158409, 6.512778, -0.523593
37.205233, 28.158106, 6.511783, -0.523593
37.205008, 28.157738, 6.510558, -0.523593
37.204752, 28.157321, 6.509156, -0.523593
37.204474, 28.156870, 6.507636, -0.523593
37.204187, 28.156403, 6.506055, -0.523593
37.203899, 28.155936, 6.504472, -0.523593
37.203620, 28.155483, 6.502929, -0.523593
37.203356, 28.155057, 6.501460, -0.523593
37.203113, 28.154669, 6.500094, -0.523593
37.202897, 28.154325, 6.498853, -0.523593
37.202711, 28.154033, 6.497756, -0.523593
37.202558, 28.153798, 6.496815, -0.523593
37.202439, 28.153621, 6.496038, -0.523593
37.202355, 28.153505, 6.495429, -0.523593
37.202306, 28.153450, 6.494987, -0.523593
37.202291, 28.153454, 6.494709, -0.523593
37.202310, 28.153514, 6.494589, -0.523593
37.202359, 28.153628, 6.494615, -0.523593
37.202436, 28.153789, 6.494776, -0.523593
37.202538, 28.153994, 6.495056, -0.523593
37.202662, 28.154236, 6.495438, -0.523593
37.202803, 28.154508, 6.495905, -0.523593
37.202958, 28.154804, 6.496435, -0.523593
37.203121, 28.155115, 6.497009, -0.523593
37.203290, 28.155433, 6.497605, -0.523593
37.203458, 28.155751, 6.498201, -0.523593
37.203618, 28.156053, 6.498783, -0.523593
37.203767, 28.156326, 6.499337, -0.523593
37.203897, 28.156559, 6.499852, -0.523593
37.204005, 28.156743, 6.500321, -0.523593
37.204089, 28.156871, 6.500736, -0.523593
37.204146, 28.156939, 6.501092, -0.523593
37.204174, 28.156943, 6.501387, -0.523593
37.204174, 28.156883, 6.501619, -0.523593
37.204144, 28.156756, 6.501789, -0.523593
37.204086, 28.156567, 6.501897, -0.523593
37.204002, 28.156316, 6.501946, -0.523593
37.203891, 28.156008, 6.501941, -0.523593
37.203758, 28.155648, 6.501885, -0.523593
37.203603, 28.155242, 6.501784, -0.523593
37.203431, 28.154796, 6.501645, -0.523593
37.203245, 28.154317, 6.501475, -0.523593
37.203047, 28.153813, 6.501281, -0.523593
37.202842, 28.153293, 6.501070, -0.523593
37.202634, 28.152764, 6.500851, -0.523593
37.202428, 28.152242, 6.500632, -0.523593
37.202241, 28.151764, 6.500418, -0.523593
37.202091, 28.151369, 6.500214, -0.523593
37.201991, 28.151088, 6.500024, -0.523593
37.201953, 28.150948, 6.499849, -0.523593
37.201984, 28.150967, 6.499694, -0.523593
37.202092, 28.151160, 6.499558, -0.523593
37.202280, 28.151536, 6.499444, -0.523593
37.202550, 28.152099, 6.499353, -0.523593
37.202902, 28.152849, 6.499283, -0.523593
37.203334, 28.153781, 6.499234, -0.523593
37.203843, 28.154888, 6.499206, -0.523593
37.204424, 28.156159, 6.499197, -0.523593
37.205070, 28.157580, 6.499205, -0.523593
37.205774, 28.159134, 6.499230, -0.523593
37.206529, 28.160802, 6.499267, -0.523593
37.207325, 28.162563, 6.499316, -0.523593
37.208152, 28.164396, 6.499373, -0.523593
37.209000, 28.166277, 6.499435, -0.523593
37.209859, 28.168183, 6.499501, -0.523593
37.210591, 28.170288, 6.499360, 1.235827
37.210595, 28.173506, 6.498046, 1.569559
37.209245, 28.178793, 6.494550, 1.820775
37.206024, 28.186939, 6.488039, 1.947352
37.200516, 28.198580, 6.477843, 2.012772
37.192400, 28.214205, 6.463445, 2.049860
37.181445, 28.234167, 6.444474, 2.072689
37.167506, 28.258690, 6.420693, 2.087675
37.150512, 28.287880, 6.391991, 2.098013
37.130467, 28.321732, 6.358372, 2.105418
37.107437, 28.360144, 6.319945, 2.110879
37.081552, 28.402919, 6.276917, 2.114991
37.052994, 28.449779, 6.229580, 2.118133
37.021991, 28.500373, 6.178306, 2.120553
36.988815, 28.554288, 6.123531, 2.122418
36.953774, 28.611052, 6.065750, 2.123843
36.917205, 28.670152, 6.005506, 2.124906
36.879469, 28.731034, 5.943383, 2.125662
36.840944, 28.793121, 5.879989, 2.126147
36.802023, 28.855814, 5.815956, 2.126385
36.762882, 28.918466, 5.751884, 2.129213
36.722863, 28.980304, 5.688199, 2.145165
36.681215, 29.040631, 5.625233, 2.175031
36.637315, 29.098868, 5.563261, 2.216733
36.590662, 29.154552, 5.502503, 2.268175
36.540871, 29.207325, 5.443130, 2.327133
36.487664, 29.256929, 5.385264, 2.391224
36.430865, 29.303200, 5.328983, 2.457988
36.370389, 29.346061, 5.274324, 2.525027
36.306241, 29.385515, 5.221286, 2.590186
36.238502, 29.421638, 5.169832, 2.651689
36.167326, 29.454573, 5.119894, 2.708209
36.092932, 29.484522, 5.071377, 2.758863
36.015596, 29.511743, 5.024157, 2.803152
35.935646, 29.536538, 4.978091, 2.840868
35.853450, 29.559251, 4.933016, 2.871997
35.769415, 29.580257, 4.888752, 2.896640
35.683976, 29.599961, 4.845108, 2.914942
35.597589, 29.618784, 4.801882, 2.927049
35.510723, 29.637165, 4.758867, 2.933072
35.423690, 29.655417, 4.716027, 2.934873
35.336155, 29.673361, 4.673980, 2.939401
35.247689, 29.690732, 4.633408, 2.947699
35.157934, 29.707312, 4.594874, 2.958928
35.066605, 29.722924, 4.558831, 2.972282
34.973482, 29.737434, 4.525628, 2.987026
34.878405, 29.750743, 4.495516, 3.002515
34.781273, 29.762789, 4.468655, 3.018201
34.682040, 29.773544, 4.445120, 3.033638
34.580706, 29.783008, 4.424910, 3.048472
34.477318, 29.791209, 4.407949, 3.062429
34.371965, 29.798203, 4.394098, 3.075305
34.264771, 29.804066, 4.383159, 3.086952
34.155896, 29.808895, 4.374882, 3.097267
34.045525, 29.812805, 4.368971, 3.106181
33.933870, 29.815926, 4.365092, 3.113647
33.821163, 29.818401, 4.362877, 3.119639
33.707653, 29.820382, 4.361934, 3.124141
33.593601, 29.822030, 4.361848, 3.127146
33.479276, 29.823510, 4.362195, 3.128649
33.364918, 29.825007, 4.362589, 3.128498
33.250634, 29.826765, 4.362839, 3.126212
33.136490, 29.829007, 4.362821, 3.121956
33.022537, 29.831917, 4.362433, 3.116058
32.908819, 29.835645, 4.361592, 3.108824
32.795369, 29.840305, 4.360236, 3.100545
32.682209, 29.845979, 4.358319, 3.091495
32.569356, 29.852719, 4.355811, 3.081936
32.456815, 29.860551, 4.352699, 3.072113
32.344588, 29.869473, 4.348983, 3.062256
32.232667, 29.879462, 4.344677, 3.052582
32.121038, 29.890471, 4.339807, 3.043289
32.009684, 29.902435, 4.334408, 3.034558
31.898580, 29.915273, 4.328525, 3.026554
31.787699, 29.928888, 4.322213, 3.019421
31.677009, 29.943169, 4.315531, 3.013284
31.566476, 29.957995, 4.308548, 3.008248
31.456063, 29.973239, 4.301333, 3.004397
31.345731, 29.988765, 4.293963, 3.001794
31.235439, 30.004432, 4.286514, 3.000482
31.125160, 30.020149, 4.279021, 3.000025
31.014919, 30.036014, 4.271348, 2.998669
30.904745, 30.052152, 4.263343, 2.996148
30.794665, 30.068668, 4.254878, 2.992662
30.684701, 30.085648, 4.245850, 2.988397
30.574868, 30.103154, 4.236181, 2.983532
30.465178, 30.121234, 4.225814, 2.978231
30.355637, 30.139918, 4.214714, 2.972651
30.246251, 30.159220, 4.202862, 2.966937
30.137018, 30.179138, 4.190261, 2.961224
30.027936, 30.199660, 4.176925, 2.955633
29.918997, 30.220760, 4.162888, 2.950280
29.810193, 30.242400, 4.148193, 2.945264
29.701511, 30.264534, 4.132898, 2.940677
29.592939, 30.287108, 4.117068, 2.936598
29.484461, 30.310059, 4.100779, 2.933095
29.376060, 30.333319, 4.084115, 2.930224
29.267718, 30.356815, 4.067164, 2.928032
29.159415, 30.380471, 4.050019, 2.926551
29.051132, 30.404206, 4.032777, 2.925805
28.942862, 30.427965, 4.015500, 2.925578
28.834642, 30.451778, 3.998119, 2.924996
28.726517, 30.475694, 3.980546, 2.923912
28.618522, 30.499751, 3.962706, 2.922412
28.510687, 30.523980, 3.944541, 2.920575
28.403033, 30.548406, 3.926004, 2.918476
28.295578, 30.573046, 3.907064, 2.916186
28.188330, 30.597911, 3.887698, 2.913770
28.081296, 30.623007, 3.867898, 2.911292
27.974475, 30.648332, 3.847663, 2.908809
27.867861, 30.673882, 3.827004, 2.906374
27.761447, 30.699648, 3.805938, 2.904038
27.655219, 30.725616, 3.784492, 2.901845
27.549161, 30.751767, 3.762697, 2.899835
27.443255, 30.778083, 3.740594, 2.898045
27.337480, 30.804539, 3.718225, 2.896506
27.231810, 30.831110, 3.695638, 2.895242
27.126222, 30.857770, 3.672885, 2.894276
27.020689, 30.884488, 3.650020, 2.893624
26.915184, 30.911237, 3.627098, 2.893295
26.809688, 30.937988, 3.604154, 2.893258
26.704222, 30.964719, 3.581136, 2.893362
26.598808, 30.991415, 3.557979, 2.893555
26.493469, 31.018063, 3.534630, 2.893822
26.388220, 31.044651, 3.511047, 2.894150
26.283075, 31.071171, 3.487198, 2.894524
26.178041, 31.097617, 3.463058, 2.894932
26.073126, 31.123985, 3.438613, 2.895362
25.968331, 31.150274, 3.413855, 2.895804
25.863657, 31.176484, 3.388786, 2.896246
25.759101, 31.202615, 3.363410, 2.896679
25.654658, 31.228673, 3.337743, 2.897095
25.550321, 31.254661, 3.311802, 2.897485
25.446080, 31.280585, 3.285611, 2.897842
25.341925, 31.306452, 3.259198, 2.898161
25.237844, 31.332272, 3.232594, 2.898434
25.133823, 31.358051, 3.205833, 2.898659
25.029849, 31.383800, 3.178954, 2.898831
24.925905, 31.409528, 3.151993, 2.898947
24.821978, 31.435246, 3.124992, 2.899005
24.718053, 31.460959, 3.097974, 2.899048
24.614126, 31.486651, 3.070898, 2.899240
24.510196, 31.512304, 3.043714, 2.899595
24.406261, 31.537905, 3.016382, 2.900086
24.302322, 31.563440, 2.988867, 2.900687
24.198377, 31.588902, 2.961145, 2.901372
24.094425, 31.614283, 2.933196, 2.902117
23.990466, 31.639579, 2.905011, 2.902902
23.886501, 31.664788, 2.876582, 2.903704
23.782528, 31.689911, 2.847910, 2.904507
23.678549, 31.714950, 2.819001, 2.905291
23.574564, 31.739907, 2.789865, 2.906042
23.470572, 31.764788, 2.760516, 2.906746
23.366575, 31.789600, 2.730972, 2.907389
23.262573, 31.814350, 2.701256, 2.907961
23.158567, 31.839047, 2.671391, 2.908452
23.054557, 31.863701, 2.641404, 2.908854
22.950544, 31.888322, 2.611325, 2.909161
22.846530, 31.912920, 2.581182, 2.909369
22.742515, 31.937507, 2.551009, 2.909473
22.638616, 31.961998, 2.520803, 2.910105
22.535374, 31.985949, 2.490442, 2.913633
22.433357, 32.008898, 2.459796, 2.920324
22.333030, 32.030462, 2.428755, 2.929875
22.234771, 32.050333, 2.397229, 2.942053
22.138868, 32.068274, 2.365153, 2.956655
22.045530, 32.084114, 2.332477, 2.973485
21.954889, 32.097745, 2.299170, 2.992326
21.867009, 32.109116, 2.265218, 3.012924
21.781886, 32.118227, 2.230621, 3.034959
21.699460, 32.125130, 2.195393, 3.058039
21.619615, 32.129920, 2.159561, 3.081680
21.542186, 32.132730, 2.123165, 3.105311
21.466966, 32.133732, 2.086252, 3.128280
21.393709, 32.133125, 2.048879, 3.149875
21.322138, 32.131137, 2.011113, 3.169354
21.251948, 32.128019, 1.973023, 3.185993
21.182812, 32.124037, 1.934687, 3.199130
21.114389, 32.119471, 1.896185, 3.208219
21.046325, 32.114612, 1.857598, 3.212865
20.978538, 32.109720, 1.819122, 3.213638
20.911996, 32.104921, 1.781355, 3.213589
20.847764, 32.100294, 1.744905, 3.213493
20.786725, 32.095907, 1.710275, 3.213349
20.729589, 32.091811, 1.677871, 3.213151
20.676904, 32.088049, 1.648004, 3.212890
20.629062, 32.084648, 1.620898, 3.212550
20.586314, 32.081629, 1.596697, 3.212109
20.548778, 32.078999, 1.575467, 3.211534
20.516451, 32.076759, 1.557206, 3.210774
20.489215, 32.074900, 1.541848, 3.209750
20.466853, 32.073405, 1.529268, 3.208334
20.449053, 32.072252, 1.519290, 3.206304
20.435425, 32.071410, 1.511689, 3.203257
20.425504, 32.070846, 1.506203, 3.198397
20.418766, 32.070520, 1.502531, 3.189949
20.414637, 32.070389, 1.500346, 3.173304
20.412499, 32.070407, 1.499296, 3.133188
20.411706, 32.070526, 1.499013, 2.993223
20.411590, 32.070695, 1.499117, 2.170317
20.411588, 32.070872, 1.499284, 1.584564
20.411585, 32.071045, 1.499447, 1.586208
20.411582, 32.071210, 1.499603, 1.589477
20.411578, 32.071365, 1.499748, 1.594524
20.411574, 32.071507, 1.499881, 1.601706
20.411569, 32.071634, 1.500000, 1.611657
20.411563, 32.071745, 1.500103, 1.625450
20.411556, 32.071840, 1.500189, 1.644937
20.411548, 32.071917, 1.500259, 1.673508
20.411539, 32.071977, 1.500312, 1.717947
20.411529, 32.072021, 1.500348, 1.793775
20.411518, 32.072048, 1.500369, 1.944066
20.411507, 32.072061, 1.500375, 2.320472
20.411494, 32.072060, 1.500368, 3.244287
20.411481, 32.072046, 1.500349, 3.943531
20.411468, 32.072022, 1.500319, 4.195337
20.411454, 32.071990, 1.500281, 4.303483
20.411439, 32.071950, 1.500237, 4.358005
20.411424, 32.071907, 1.500188, 4.386412
20.411410, 32.071861, 1.500137, 4.398814
20.411395, 32.071815, 1.500086, 4.400047
20.411380, 32.071771, 1.500037, 4.395750
20.411366, 32.071728, 1.499989, 4.387173
20.411352, 32.071688, 1.499944, 4.373860
20.411338, 32.071653, 1.499903, 4.354768
20.411326, 32.071621, 1.499867, 4.328048
20.411313, 32.071594, 1.499835, 4.290546
20.411302, 32.071572, 1.499807, 4.236781
20.411291, 32.071554, 1.499785, 4.156797
20.411281, 32.071542, 1.499768, 4.031535
20.411272, 32.071534, 1.499755, 3.823975
20.411263, 32.071531, 1.499747, 3.475860
20.411255, 32.071532, 1.499744, 2.986824
20.411247, 32.071538, 1.499744, 2.539588
20.411240, 32.071546, 1.499748, 2.253630
20.411233, 32.071558, 1.499755, 2.087573
20.411227, 32.071572, 1.499764, 1.989449
20.411221, 32.071588, 1.499775, 1.930657
20.411215, 32.071606, 1.499788, 1.896995
20.411209, 32.071624, 1.499801, 1.881580
20.411204, 32.071642, 1.499814, 1.877458
20.411198, 32.071659, 1.499827, 1.867834
20.411194, 32.071676, 1.499840, 1.848480
20.411190, 32.071692, 1.499852, 1.818072
20.411187, 32.071706, 1.499863, 1.773756
20.411185, 32.071719, 1.499873, 1.710543
20.411184, 32.071730, 1.499883, 1.620152
20.411185, 32.071739, 1.499891, 1.489358
20.411187, 32.071747, 1.499899, 1.299269
20.411191, 32.071753, 1.499905, 1.032687
20.411195, 32.071757, 1.499911, 0.702310
20.411202, 32.071759, 1.499915, 0.373001
20.411209, 32.071760, 1.499919, 0.108926
20.411217, 32.071759, 1.499922, -0.078063
20.411226, 32.071757, 1.499924, -0.205329
20.411236, 32.071754, 1.499926, -0.291613
20.411247, 32.071750, 1.499927, -0.349954
20.411258, 32.071746, 1.499928, -0.388450
20.411270, 32.071741, 1.499929, -0.411919
20.411282, 32.071735, 1.499929, -0.423050
20.411293, 32.071730, 1.499929, -0.421573
20.411305, 32.071725, 1.499930, -0.402562
20.411317, 32.071720, 1.499931, -0.366169
20.411329, 32.071717, 1.499933, -0.313600
20.411340, 32.071714, 1.499936, -0.245926
20.411352, 32.071712, 1.499940, -0.164591
20.411363, 32.071711, 1.499945, -0.071864
20.411374, 32.071711, 1.499950, 0.028927
20.411385, 32.071713, 1.499958, 0.133527
20.411396, 32.071716, 1.499966, 0.237292
20.411407, 32.071719, 1.499975, 0.335941
20.411418, 32.071724, 1.499985, 0.426183
20.411429, 32.071730, 1.499997, 0.505983
20.411439, 32.071737, 1.500009, 0.574450
20.411450, 32.071745, 1.500022, 0.631534
20.411460, 32.071753, 1.500036, 0.677672
20.411471, 32.071762, 1.500050, 0.713513
20.411481, 32.071771, 1.500065, 0.739720
20.411491, 32.071781, 1.500080, 0.756856
20.411501, 32.071791, 1.500095, 0.765321
20.411512, 32.071801, 1.500111, 0.765816
20.411522, 32.071810, 1.500125, 0.760460
20.411531, 32.071819, 1.500139, 0.749673
20.411540, 32.071828, 1.500152, 0.732668
20.411549, 32.071835, 1.500164, 0.707721
20.411556, 32.071841, 1.500174, 0.671669
20.411563, 32.071845, 1.500182, 0.618778
20.411568, 32.071849, 1.500188, 0.538192
20.411573, 32.071851, 1.500193, 0.408019
20.411577, 32.071851, 1.500196, 0.182617
20.411580, 32.071851, 1.500197, -0.214298
20.411582, 32.071849, 1.500196, 5.517269
20.411583, 32.071846, 1.500194, 5.063229
20.411583, 32.071842, 1.500190, 4.798421
20.411583, 32.071837, 1.500185, 4.649454
20.411582, 32.071831, 1.500179, 4.560964
20.411581, 32.071824, 1.500172, 4.506058
20.411579, 32.071817, 1.500164, 4.471765
20.411577, 32.071810, 1.500156, 4.451556
20.411575, 32.071802, 1.500147, 4.442146
